Ref,Val,Package,PosX,PosY,Rot,Side
"","","",36.121624,4.319003,0.000000,top
"","","",36.121624,-5.840997,0.000000,top
"","","",36.121624,-5.840997,0.000000,top
"","","",36.121624,4.319003,0.000000,top
"0.02","CH","_Applications_test_rsk_lib_RSK-ONLY_PcbLib_Castellated_Hole_0.9mm.PcbLib_Castellated_Hole_0.9mm",18.378029,-15.136497,0.000000,top
"0.09","CH","_Applications_test_rsk_lib_RSK-ONLY_PcbLib_Castellated_Hole_0.9mm.PcbLib_Castellated_Hole_0.9mm",14.420991,14.588305,180.000000,top
"0.10","CH","_Applications_test_rsk_lib_RSK-ONLY_PcbLib_Castellated_Hole_0.9mm.PcbLib_Castellated_Hole_0.9mm",11.880991,14.588305,180.000000,top
"0.13","CH","_Applications_test_rsk_lib_RSK-ONLY_PcbLib_Castellated_Hole_0.9mm.PcbLib_Castellated_Hole_0.9mm",32.200991,14.588305,180.000000,top
"0.15","CH","_Applications_test_rsk_lib_RSK-ONLY_PcbLib_Castellated_Hole_0.9mm.PcbLib_Castellated_Hole_0.9mm",29.660991,14.588305,180.000000,top
"0.17","CH","_Applications_test_rsk_lib_RSK-ONLY_PcbLib_Castellated_Hole_0.9mm.PcbLib_Castellated_Hole_0.9mm",27.120991,14.588305,180.000000,top
"0.20","CH","_Applications_test_rsk_lib_RSK-ONLY_PcbLib_Castellated_Hole_0.9mm.PcbLib_Castellated_Hole_0.9mm",24.580991,14.588305,180.000000,top
"0.22","CH","_Applications_test_rsk_lib_RSK-ONLY_PcbLib_Castellated_Hole_0.9mm.PcbLib_Castellated_Hole_0.9mm",22.040991,14.588305,180.000000,top
"0.24","CH","_Applications_test_rsk_lib_RSK-ONLY_PcbLib_Castellated_Hole_0.9mm.PcbLib_Castellated_Hole_0.9mm",19.500991,14.588305,180.000000,top
"0.29","CH","_Applications_test_rsk_lib_RSK-ONLY_PcbLib_Castellated_Hole_0.9mm.PcbLib_Castellated_Hole_0.9mm",20.918029,-15.136497,0.000000,top
"0.31","CH","_Applications_test_rsk_lib_RSK-ONLY_PcbLib_Castellated_Hole_0.9mm.PcbLib_Castellated_Hole_0.9mm",23.458029,-15.136497,0.000000,top
"1.00","CH","_Applications_test_rsk_lib_RSK-ONLY_PcbLib_Castellated_Hole_0.9mm.PcbLib_Castellated_Hole_0.9mm",16.960991,14.588305,180.000000,top
"1.10","CH","_Applications_test_rsk_lib_RSK-ONLY_PcbLib_Castellated_Hole_0.9mm.PcbLib_Castellated_Hole_0.9mm",10.758029,-15.136497,0.000000,top
"1.13","CH","_Applications_test_rsk_lib_RSK-ONLY_PcbLib_Castellated_Hole_0.9mm.PcbLib_Castellated_Hole_0.9mm",13.298029,-15.136497,0.000000,top
"1.15","CH","_Applications_test_rsk_lib_RSK-ONLY_PcbLib_Castellated_Hole_0.9mm.PcbLib_Castellated_Hole_0.9mm",15.838029,-15.136497,0.000000,top
"C1","10nF","_Applications_test_rsk_lib_RSK-ONLY_PcbLib_Passive.PcbLib_CAPC0603X03L_C",31.956024,-3.478797,0.000000,top
"C2","100nF","_Applications_test_rsk_lib_RSK-ONLY_PcbLib_Passive.PcbLib_CAPC0603X03L_C",30.838424,-2.894597,0.000000,top
"C3","100nF","_Applications_test_rsk_lib_RSK-ONLY_PcbLib_Passive.PcbLib_CAPC0603X03L_C",15.979424,3.696703,-90.000000,top
"C4","4.7µF","_Applications_test_rsk_lib_RSK-ONLY_Nordic Passive DB.DbLib_Capacitors$_CAPC1608X06L",27.561824,1.565102,90.000000,top
"C5","4.7µF","_Applications_test_rsk_lib_RSK-ONLY_PcbLib_Passive.PcbLib_CAPC1005X04L",23.802624,3.074403,-90.000000,top
"C6","12pF","_Applications_test_rsk_lib_RSK-ONLY_PcbLib_Passive.PcbLib_CAPC0603X03L_C",26.876024,-1.940098,-90.000000,top
"C7","12pF","_Applications_test_rsk_lib_RSK-ONLY_PcbLib_Passive.PcbLib_CAPC0603X03L_C",28.069824,-4.139197,180.000000,top
"C8","100nF","_Applications_test_rsk_lib_RSK-ONLY_PcbLib_Passive.PcbLib_CAPC0603X03L_C",24.894824,-2.067098,0.000000,top
"C9","1.0µF","_Applications_test_rsk_lib_RSK-ONLY_Nordic Passive DB.DbLib_Capacitors$_CAPC1608X06L",25.809224,-3.935997,-90.000000,top
"C10","4.7µF","_Applications_test_rsk_lib_RSK-ONLY_Nordic Passive DB.DbLib_Capacitors$_CAPC1608X06L",25.275824,2.581102,90.000000,top
"C11","1.0µF","_Applications_test_rsk_lib_RSK-ONLY_Nordic Passive DB.DbLib_Capacitors$_CAPC1608X06L",21.977824,-5.725996,0.000000,top
"C12","47nF","_Applications_test_rsk_lib_RSK-ONLY_PcbLib_Passive.PcbLib_CAPC0603X03L_C",22.405624,-4.875797,180.000000,top
"C13","100nF","_Applications_test_rsk_lib_RSK-ONLY_PcbLib_Passive.PcbLib_CAPC0603X03L_C",19.865624,3.368502,0.000000,top
"C14","N.C.","_Applications_test_rsk_lib_RSK-ONLY_AltiumLib.DbLib_Parts$_CAPC0603X03L_C_NC",18.752024,-4.862396,0.000000,top
"C15","100nF","_Applications_test_rsk_lib_RSK-ONLY_PcbLib_Passive.PcbLib_CAPC0603X03L_C",17.050224,-4.862396,180.000000,top
"C16","100nF","_Applications_test_rsk_lib_RSK-ONLY_PcbLib_Passive.PcbLib_CAPC0603X03L_C",17.427224,3.368502,0.000000,top
"C17","12pF","_Applications_test_rsk_lib_RSK-ONLY_PcbLib_Passive.PcbLib_CAPC0603X03L_C",16.042633,-5.041996,-90.000000,top
"C18","12pF","_Applications_test_rsk_lib_RSK-ONLY_PcbLib_Passive.PcbLib_CAPC0603X03L_C",12.833824,-5.053597,90.000000,top
"C19","100pF","_Applications_test_rsk_lib_RSK-ONLY_PcbLib_Passive.PcbLib_CAPC0603X03L_C",15.116621,-3.035996,180.000000,top
"C20","0.8pF","_Applications_test_rsk_lib_RSK-ONLY_PcbLib_Passive.PcbLib_CAPC0603X03L_C",15.060022,-2.036397,90.000000,top
"C21","820pF","_Applications_test_rsk_lib_RSK-ONLY_PcbLib_Passive.PcbLib_CAPC0603X03L_C",15.446024,0.102603,90.000000,top
"C22","0.5pF","_Applications_test_rsk_lib_RSK-ONLY_PcbLib_Passive.PcbLib_CAPC0603X03L_C",13.342633,-2.041996,90.000000,top
"C23","N.C.","_Applications_test_rsk_lib_RSK-ONLY_AltiumLib.DbLib_Parts$_CAPC0603X03L_C_NC",9.705624,-5.332997,90.000000,top
"C24","1.5pF","_Applications_test_rsk_lib_RSK-ONLY_Nordic Passive DB.DbLib_Capacitors$_CAPC0603X03L_C",7.978424,-5.332997,-90.000000,top
"FB1","120R/0.85A","_Applications_test_rsk_lib_RSK-ONLY_PcbLib_Passive.PcbLib_INDC0603X03L_C",31.942633,-2.891996,180.000000,top
"Fid1","Fiducial mark","_Applications_test_rsk_lib_RSK-ONLY_Nordic Passive DB.DbLib_Connectors$_Fiducial_Square",38.192633,-4.791996,0.000000,top
"Fid2","Fiducial mark","_Applications_test_rsk_lib_RSK-ONLY_PcbLib_Passive.PcbLib_Fiducial",9.629424,-2.919997,0.000000,top
"GND1","GND","_Applications_test_rsk_lib_RSK-ONLY_PcbLib_Castellated_Hole_0.9mm.PcbLib_Castellated_Hole_0.9mm",25.998029,-15.136497,0.000000,top
"GND2","GND","_Applications_test_rsk_lib_RSK-ONLY_Nordic Passive DB.DbLib_Connectors$_Castellated_Hole_0.9mm_S",8.218029,-15.136497,0.000000,top
"GND3","GND","_Applications_test_rsk_lib_RSK-ONLY_Nordic Passive DB.DbLib_Connectors$_Castellated_Hole_0.9mm_S",9.340991,14.588305,180.000000,top
"L1","10µH","_Applications_test_rsk_lib_RSK-ONLY_PcbLib_Passive.PcbLib_INDC1608X06L",26.418824,2.454102,-90.000000,top
"L2","15nH","INDC1005X04L",24.234424,-5.623098,0.000000,top
"L3","10µH","INDC1608X06L",24.640824,-3.935997,90.000000,top
"L4","4.7nH","_Applications_test_rsk_lib_RSK-ONLY_PcbLib_Passive.PcbLib_INDC0603X03L_C",14.205424,-1.531600,180.000000,top
"LD1","L0603G","_Applications_test_rsk_lib_RSK-ONLY_Nordic Discrete DB.DbLib_Optoelectronics$_LED_0603_G",30.660624,-4.824997,0.000000,top
"LD2","LED RGB","_Applications_test_rsk_lib_RSK-ONLY_Nordic Discrete DB.DbLib_Optoelectronics$_LED_RGB_0603",30.660624,3.303003,90.000000,top
"R1","220R","_Applications_test_rsk_lib_RSK-ONLY_PcbLib_Passive.PcbLib_RESC0603X03L_C",29.162024,-0.456197,0.000000,top
"R2","1k2","_Applications_test_rsk_lib_RSK-ONLY_PcbLib_Passive.PcbLib_RESC0603X03L_C",29.162024,0.390469,0.000000,top
"R3","10k","_Applications_test_rsk_lib_RSK-ONLY_PcbLib_Passive.PcbLib_RESC0603X03L_C",17.071624,4.014203,0.000000,top
"R4","2k2","_Applications_test_rsk_lib_RSK-ONLY_PcbLib_Passive.PcbLib_RESC0603X03L_C",29.162024,1.237135,0.000000,top
"R5","390R","_Applications_test_rsk_lib_RSK-ONLY_PcbLib_Passive.PcbLib_RESC0603X03L_C",29.162024,2.083801,0.000000,top
"R6","4R7","_Applications_test_rsk_lib_RSK-ONLY_PcbLib_Passive.PcbLib_RESC0603X03L_C",30.580624,-1.360995,-90.000000,top
"R7","0R","_Applications_test_rsk_lib_RSK-ONLY_PcbLib_Passive.PcbLib_RESC0603X03L_C",8.842024,-5.637797,180.000000,top
"SW1","PB SW","_Applications_test_rsk_lib_RSK-ONLY_Nordic Discrete DB.DbLib_Rele_Switch$_C&K_PTS810",13.083824,2.109203,-90.000000,top
"SW2","PTS840 GK SMTR LFS","_Applications_test_rsk_lib_RSK-ONLY_AltiumLib.DbLib_Parts$_EVQP7A_J_B_K",9.654824,2.109203,-90.000000,top
"SWDCLK","CH","_Applications_test_rsk_lib_RSK-ONLY_Nordic Passive DB.DbLib_Connectors$_Castellated_Hole_0.9mm_D",36.121624,-6.320996,0.000000,top
"SWDIO","CH","_Applications_test_rsk_lib_RSK-ONLY_Nordic Passive DB.DbLib_Connectors$_Castellated_Hole_0.9mm_D",36.121624,4.799002,180.000000,top
"U1","nRF52840-QIAA","_Applications_test_rsk_lib_RSK-ONLY_PcbLib_AQFN50P700X700X85_HS-74N.PcbLib_AQFN50P700X700X85_HS-74N",19.611624,-0.760997,180.000000,top
"VBUS1","VBUS","_Applications_test_rsk_lib_RSK-ONLY_PcbLib_Castellated_Hole_0.9mm.PcbLib_Castellated_Hole_0.9mm",31.078029,-15.136497,0.000000,top
"VDD OUT","CH","_Applications_test_rsk_lib_RSK-ONLY_PcbLib_Castellated_Hole_0.9mm.PcbLib_Castellated_Hole_0.9mm",28.538029,-15.136497,0.000000,top
"X1","32.768kHz","_Applications_test_rsk_lib_RSK-ONLY_PcbLib_pcblib.PcbLib_XTAL_2012",28.120624,-2.640597,-90.000000,top
"X2","32MHz","_Applications_test_rsk_lib_RSK-ONLY_Nordic Discrete DB.DbLib_Crystal_Osc$_BT-XTAL_2016",14.434024,-5.256797,0.000000,top
