Ref,Val,Package,PosX,PosY,Rot,Side
"0.04","Ø1.0mm,SMD","_Applications_test_rsk_lib_RSK-ONLY_AltiumLib.DbLib_Parts$_TP_SMD_D1.0mm",-30.466624,-3.260997,180.000000,bottom
"0.11","Ø1.0mm,SMD","_Applications_test_rsk_lib_RSK-ONLY_AltiumLib.DbLib_Parts$_TP_SMD_D1.0mm",-21.966623,2.239002,180.000000,bottom
"0.14","Ø1.0mm,SMD","_Applications_test_rsk_lib_RSK-ONLY_AltiumLib.DbLib_Parts$_TP_SMD_D1.0mm",-20.466623,2.239002,180.000000,bottom
"0.26","Ø1.0mm,SMD","_Applications_test_rsk_lib_RSK-ONLY_AltiumLib.DbLib_Parts$_TP_SMD_D1.0mm",-30.466624,-4.760996,180.000000,bottom
"1.01","Ø1.0mm,SMD","_Applications_test_rsk_lib_RSK-ONLY_AltiumLib.DbLib_Parts$_TP_SMD_D1.0mm",-17.466624,2.239002,180.000000,bottom
"1.02","Ø1.0mm,SMD","_Applications_test_rsk_lib_RSK-ONLY_AltiumLib.DbLib_Parts$_TP_SMD_D1.0mm",-15.966625,2.239002,180.000000,bottom
"1.04","Ø1.0mm,SMD","_Applications_test_rsk_lib_RSK-ONLY_AltiumLib.DbLib_Parts$_TP_SMD_D1.0mm",-15.966625,0.739003,180.000000,bottom
"1.07","Ø1.0mm,SMD","_Applications_test_rsk_lib_RSK-ONLY_AltiumLib.DbLib_Parts$_TP_SMD_D1.0mm",-17.466624,0.739003,180.000000,bottom
"1.11","Ø1.0mm,SMD","_Applications_test_rsk_lib_RSK-ONLY_AltiumLib.DbLib_Parts$_TP_SMD_D1.0mm",-17.466624,-3.760996,180.000000,bottom
"C28","N.C.","_Applications_test_rsk_lib_RSK-ONLY_AltiumLib.DbLib_Parts$_CAPC1005X04L_NC",-13.261624,4.801603,180.000000,bottom
"C29","N.C.","_Applications_test_rsk_lib_RSK-ONLY_AltiumLib.DbLib_Parts$_CAPC1005X04L_NC",-10.721624,4.801603,180.000000,bottom
"D+","Ø1.0mm,SMD","_Applications_test_rsk_lib_RSK-ONLY_AltiumLib.DbLib_Parts$_TP_SMD_D1.0mm",-37.466630,-0.010996,180.000000,bottom
"D-","Ø1.0mm,SMD","_Applications_test_rsk_lib_RSK-ONLY_AltiumLib.DbLib_Parts$_TP_SMD_D1.0mm",-37.466630,-1.510995,180.000000,bottom
"DN","Ø1.0mm,SMD","_Applications_test_rsk_lib_RSK-ONLY_AltiumLib.DbLib_Parts$_TP_SMD_D1.0mm",-35.916615,-1.510998,-90.000000,bottom
"DP","Ø1.0mm,SMD","_Applications_test_rsk_lib_RSK-ONLY_AltiumLib.DbLib_Parts$_TP_SMD_D1.0mm",-35.916615,-0.010996,-90.000000,bottom
"GND4","GND","_Applications_test_rsk_lib_RSK-ONLY_AltiumLib.DbLib_Parts$_TP_SMD_D1.0mm",-15.966625,-3.760996,180.000000,bottom
"J2","TC2050-IDC","TC2050-IDC-NLFP",-34.089624,-0.760997,-90.000000,bottom
"P1","Pin Header 2x5, 1.27mm","_Applications_test_rsk_lib_RSK-ONLY_Nordic Passive DB.DbLib_Connectors$_HDR_2x5-SMD-1.27mm-NC",-26.342624,-0.760997,-90.000000,bottom
"UGND","Ø1.0mm,SMD","_Applications_test_rsk_lib_RSK-ONLY_AltiumLib.DbLib_Parts$_TP_SMD_D1.0mm",-37.466630,-3.010995,180.000000,bottom
"VBUS2","VBUS","_Applications_test_rsk_lib_RSK-ONLY_AltiumLib.DbLib_Parts$_TP_SMD_D1.0mm",-37.466630,1.489004,180.000000,bottom
"VDD nRF","Ø1.0mm,SMD","_Applications_test_rsk_lib_RSK-ONLY_AltiumLib.DbLib_Parts$_TP_SMD_D1.0mm",-20.466623,-3.760996,180.000000,bottom
