Ref,Val,Package,PosX,PosY,Rot,Side
"BT1","BAT_BC-2600","BAT_BC-2600",-19.892633,-0.641996,180.000000,bottom
"DN","Ø1.0mm,SMD","_Applications_test_rsk_lib_RSK-ONLY_AltiumLib.DbLib_Parts$_TP_SMD_D1.0mm",-35.916615,-1.510998,-90.000000,bottom
"DP","Ø1.0mm,SMD","_Applications_test_rsk_lib_RSK-ONLY_AltiumLib.DbLib_Parts$_TP_SMD_D1.0mm",-35.916615,-0.010996,-90.000000,bottom
"J1","TC2050-IDC","TC2050-IDC-NLFP",-34.089624,-0.760997,-90.000000,bottom
"SB1","Solderbridge","_Applications_test_rsk_lib_RSK-ONLY_PcbLib_Passive.PcbLib_Solderbridge_Shorted",-25.087173,3.280204,90.000000,bottom
"SB2","Solderbridge","_Applications_test_rsk_lib_RSK-ONLY_PcbLib_Passive.PcbLib_Solderbridge",-26.458773,3.280204,-90.000000,bottom
